-- скрипты наполнения данными
-- оно же дамп в виде скриптов наполнения БД

-- статусы детей
INSERT INTO child_statuses(name) values('Хороший'), ('Плохой');

-- шахты
INSERT INTO mines (name, mana_percent)
	VALUES
		('Западная', 1.2),
		('Восточная', 1.1),
		('Кузбасс', 1.7);

-- дети
INSERT INTO children (first_name,last_name,created_at)
VALUES
  ('Illana','Dominguez','16.06.2007'),
  ('Rhoda','Burt','25.07.2010'),
  ('Louis','Sawyer','01.05.2011'),
  ('Madeline','Randolph','12.05.2016'),
  ('Kathleen','Flores','02.04.2008'),
  ('Cheryl','Elliott','08.02.2006'),
  ('Iola','Villarreal','06.06.2013'),
  ('Zeus','Johnston','07.08.2018'),
  ('Fatima','Daniel','15.04.2008'),
  ('Brock','Simmons','04.08.2020'),
  ('Eaton','Conway','03.12.2016'),
  ('Dieter','Kaufman','15.06.2011'),
  ('Hector','Daniel','02.07.2014'),
  ('Dana','Compton','14.08.2011'),
  ('Zia','Pugh','23.05.2018'),
  ('Lillith','Moses','21.11.2017'),
  ('Miranda','Mosley','11.09.2010'),
  ('Raphael','Mooney','15.07.2014'),
  ('Flynn','Kinney','25.06.2019'),
  ('Lacey','Barnett','02.02.2010'),
  ('Kirby','Valenzuela','23.02.2010'),
  ('Porter','Bernard','16.02.2016'),
  ('Otto','Graves','16.07.2012'),
  ('Anastasia','Lindsey','26.02.2014'),
  ('Rhoda','Wise','27.08.2018'),
  ('Carson','Keller','06.03.2020'),
  ('Patrick','Best','27.03.2013'),
  ('Rhonda','Carver','05.04.2016'),
  ('Quemby','Roberson','07.01.2006'),
  ('Calvin','Robinson','06.10.2012'),
  ('Urielle','Mcguire','09.05.2017'),
  ('Joan','Britt','25.03.2009'),
  ('Lillian','Oneil','16.07.2013'),
  ('Noah','Raymond','29.06.2020'),
  ('Kibo','Caldwell','25.07.2014'),
  ('Jemima','Mcintyre','26.08.2021'),
  ('Dane','Pruitt','17.01.2006'),
  ('Kyle','Wall','21.10.2018'),
  ('Adena','Hurley','11.04.2022'),
  ('Michelle','Campbell','06.08.2021'),
  ('Anjolie','Farrell','03.03.2012'),
  ('Kylee','Eaton','27.01.2006'),
  ('Vanna','Pierce','17.11.2012'),
  ('Hayden','Chase','26.05.2014'),
  ('Wayne','Case','30.10.2010'),
  ('Kennedy','Eaton','26.03.2012'),
  ('Brooke','Warner','27.02.2012'),
  ('Mira','Madden','22.03.2016'),
  ('Prescott','Schroeder','19.01.2009'),
  ('Asher','Levine','02.11.2008');
INSERT INTO children (first_name,last_name,created_at)
VALUES
  ('Jeremy','Key','12.03.2022'),
  ('Hilary','Giles','16.05.2020'),
  ('Jamalia','Sanders','29.04.2017'),
  ('Jakeem','Adams','14.03.2006'),
  ('Eleanor','Weeks','22.07.2008'),
  ('Breanna','Perkins','13.12.2018'),
  ('Chastity','Mooney','09.03.2008'),
  ('Kelly','Jenkins','25.08.2015'),
  ('Basil','Knapp','31.05.2011'),
  ('Cyrus','Mosley','07.09.2015'),
  ('Xena','Slater','30.05.2018'),
  ('Anastasia','Shepard','27.09.2019'),
  ('Halee','Maddox','04.01.2015'),
  ('Avye','O''Neill','08.02.2020'),
  ('Ferris','Diaz','22.08.2018'),
  ('Hector','Ware','04.01.2019'),
  ('Zane','Hinton','01.05.2019'),
  ('Minerva','Gonzales','06.05.2008'),
  ('Bertha','Craig','26.06.2016'),
  ('Len','Hays','10.06.2012'),
  ('Lucian','Vaughan','11.02.2019'),
  ('Audra','Mckenzie','27.07.2008'),
  ('Katelyn','Benton','31.07.2015'),
  ('August','Bartlett','14.02.2017'),
  ('Nathan','Parks','21.12.2021'),
  ('Wynne','Mcleod','10.12.2019'),
  ('Nathan','Morgan','30.07.2008'),
  ('Evangeline','Pittman','03.08.2021'),
  ('Xavier','Hinton','08.11.2011'),
  ('Diana','Britt','01.05.2019'),
  ('Thor','Pace','16.11.2019'),
  ('Axel','Cherry','16.03.2009'),
  ('Jamalia','Lang','19.06.2011'),
  ('Candice','Shepherd','28.08.2008'),
  ('Luke','Young','18.11.2017'),
  ('Kimberly','Woodard','11.11.2012'),
  ('Lionel','Fleming','08.04.2016'),
  ('Wyatt','Duncan','29.08.2015'),
  ('Branden','Patterson','18.11.2016'),
  ('Russell','Patterson','05.02.2022'),
  ('Knox','Calderon','28.06.2014'),
  ('Deirdre','Harris','18.05.2020'),
  ('Rina','Baldwin','18.04.2007'),
  ('Philip','Castaneda','06.11.2006'),
  ('Oleg','Chase','09.05.2015'),
  ('Summer','Lang','26.03.2009'),
  ('Desiree','Hodge','09.08.2007'),
  ('Leah','Flynn','15.02.2009'),
  ('Adam','Gamble','06.07.2010'),
  ('Lacey','Colon','29.01.2010');

-- гномы
INSERT INTO dwarfs (name,ratio)
VALUES
  ('Kenneth Kane',-12),
  ('Yoshi Trujillo',-15),
  ('Price Sykes',36),
  ('Simon Charles',-25),
  ('Austin Holt',11),
  ('Keaton Bradley',-34),
  ('Idona Jordan',-31),
  ('Rhoda Frye',-6),
  ('Lydia Wood',-40),
  ('Rahim Roberson',47),
  ('Gillian Leach',38),
  ('Stephen Blanchard',33),
  ('Isaiah Barron',29),
  ('Edan Henson',-36),
  ('Sasha Hunter',41),
  ('Natalie Golden',34),
  ('Ivana Ware',21),
  ('Lucian Foley',-3),
  ('Raya Ashley',-35),
  ('Ruth Justice',-29),
  ('Declan Hoover',33),
  ('Judah Burks',23),
  ('Leo Snider',41),
  ('Bertha Reynolds',-36),
  ('Mari Logan',19),
  ('Gary Rivera',45),
  ('Kim Cain',-34),
  ('Eagan Cline',-27),
  ('Yetta Pope',-25),
  ('John Rivas',-39),
  ('Jocelyn James',39),
  ('Gannon Greene',0),
  ('Nichole Lynn',37),
  ('Evelyn Deleon',-23),
  ('Halla Barry',34),
  ('Sharon Vega',-5),
  ('Kitra Day',-38),
  ('Stewart Hart',49),
  ('Amela Alexander',-9),
  ('Sopoline Brown',-33),
  ('Amethyst Sawyer',29),
  ('Miriam Schneider',1),
  ('Hilel Duncan',-44),
  ('Jacqueline Atkins',49),
  ('Joshua Snyder',13),
  ('Kim Finch',-16),
  ('Laith Buck',6),
  ('Amir Crawford',4),
  ('Howard Mcintosh',-11),
  ('Malcolm Black',4);
INSERT INTO dwarfs (name,ratio)
VALUES
  ('Priscilla Villarreal',-3),
  ('Akeem Buchanan',47),
  ('Fay Rosario',-31),
  ('Inez Thomas',-24),
  ('Noah Potts',41),
  ('Yvette Pierce',-43),
  ('Laura Nolan',1),
  ('Jarrod English',45),
  ('Kalia Kent',-46),
  ('Justin Ellison',-23),
  ('Malachi Bolton',33),
  ('Kitra Hubbard',41),
  ('Genevieve Delaney',17),
  ('Mia Hester',45),
  ('Halla Mccoy',-2),
  ('Amy Emerson',-30),
  ('Drew Booker',18),
  ('Evan Foley',-35),
  ('Sawyer Figueroa',-2),
  ('Keith Saunders',-45),
  ('Wyatt Bray',-38),
  ('Brody Holloway',-42),
  ('Evelyn Sosa',-14),
  ('Willa Vargas',-47),
  ('Hanae Morris',-24),
  ('Kermit Lynch',-47),
  ('Aurelia Odom',-46),
  ('Dara Avery',6),
  ('Jessamine Snow',-36),
  ('Peter Keller',-30),
  ('Eaton Burke',46),
  ('Ora Merrill',12),
  ('Damian French',19),
  ('Jack Mcintosh',-13),
  ('Lamar Wilkinson',-27),
  ('Aurelia Cooley',-18),
  ('Kaseem Lucas',-28),
  ('Josephine Lara',35),
  ('Macey Jenkins',23),
  ('Minerva Phillips',21),
  ('Connor Banks',-26),
  ('Gregory Sellers',18),
  ('Renee Lynn',20),
  ('Gray Whitley',-29),
  ('Bert Keller',-43),
  ('Aaron Sweeney',-39),
  ('Tad Pickett',42),
  ('Carter Bean',-19),
  ('Grady Moon',-9),
  ('Jane Mathews',-14);
 
UPDATE dwarfs
SET ratio = ratio / 100 + 1;
 
-- подарки
INSERT INTO gifts (name)
VALUES
  ('tempus risus.'),
  ('hendrerit neque.'),
  ('suscipit,'),
  ('egestas. Sed pharetra,'),
  ('molestie in,'),
  ('augue'),
  ('nisi'),
  ('gravida non,'),
  ('luctus et'),
  ('Vivamus non'),
  ('aliquam'),
  ('tellus'),
  ('sit amet,'),
  ('lobortis'),
  ('orci'),
  ('elit. Aliquam auctor,'),
  ('placerat, augue. Sed'),
  ('eu augue'),
  ('semper rutrum.'),
  ('et'),
  ('neque vitae'),
  ('Duis gravida. Praesent'),
  ('nascetur ridiculus'),
  ('eu, eleifend nec,'),
  ('vestibulum nec,'),
  ('nulla. Integer'),
  ('eros'),
  ('ornare egestas ligula.'),
  ('dolor,'),
  ('at,'),
  ('magna. Lorem ipsum'),
  ('natoque penatibus et'),
  ('adipiscing elit.'),
  ('eu,'),
  ('nulla'),
  ('in molestie'),
  ('rutrum magna.'),
  ('orci'),
  ('eget'),
  ('eu elit.'),
  ('vitae semper'),
  ('nisl. Quisque'),
  ('eu neque'),
  ('ut cursus'),
  ('amet, dapibus'),
  ('Curabitur'),
  ('mus. Aenean eget'),
  ('consectetuer euismod'),
  ('orci lobortis'),
  ('cursus.');
INSERT INTO gifts (name)
VALUES
  ('eget massa.'),
  ('aliquet.'),
  ('Phasellus in felis.'),
  ('eget tincidunt dui'),
  ('nulla at'),
  ('Integer'),
  ('massa lobortis'),
  ('purus, in'),
  ('ligula. Nullam'),
  ('massa. Quisque'),
  ('malesuada.'),
  ('mattis velit'),
  ('ultricies adipiscing, enim'),
  ('vel nisl. Quisque'),
  ('nec'),
  ('lacinia'),
  ('tempus,'),
  ('Proin vel'),
  ('velit'),
  ('fringilla, porttitor'),
  ('congue turpis.'),
  ('cubilia Curae'),
  ('justo nec'),
  ('convallis est,'),
  ('velit dui,'),
  ('diam. Pellentesque habitant'),
  ('non dui'),
  ('eleifend non,'),
  ('luctus, ipsum leo'),
  ('vestibulum lorem, sit'),
  ('orci.'),
  ('sit amet massa.'),
  ('adipiscing, enim mi'),
  ('at, nisi.'),
  ('ipsum cursus'),
  ('augue ac ipsum.'),
  ('tempus risus.'),
  ('velit. Sed malesuada'),
  ('sit amet,'),
  ('rutrum, justo.'),
  ('enim, sit'),
  ('Fusce diam'),
  ('ligula. Nullam'),
  ('dui. Cras'),
  ('Nullam velit'),
  ('in, hendrerit consectetuer,'),
  ('ultricies ligula.'),
  ('Maecenas ornare'),
  ('vel nisl. Quisque'),
  ('Aliquam erat volutpat.');

-- эльфы
INSERT INTO elfs (name,speed)
VALUES
  ('Martin Brock',32),
  ('Cullen Rush',45),
  ('Solomon Mejia',45),
  ('Remedios Patrick',108),
  ('Honorato Klein',32),
  ('Karyn Simpson',72),
  ('Xantha Webb',87),
  ('Ferdinand Rodgers',52),
  ('Susan Delacruz',98),
  ('Rylee Sherman',48),
  ('Demetrius Hyde',52),
  ('Demetria Sandoval',99),
  ('Abra Rutledge',107),
  ('Bradley Morales',61),
  ('Kellie Barrett',37),
  ('Madison Conway',59),
  ('Barrett Flynn',92),
  ('Nicholas Joyce',96),
  ('Indira Luna',100),
  ('Uriah Meadows',38),
  ('Lyle Weaver',49),
  ('Hall Mays',110),
  ('Cain Finch',118),
  ('Melvin Sampson',108),
  ('Noah Nielsen',86),
  ('Benjamin Short',70),
  ('Hasad Valentine',97),
  ('Jolie Sears',37),
  ('Colin Bowers',82),
  ('Camilla Sweeney',53),
  ('Clinton Gates',40),
  ('Paloma Suarez',59),
  ('Mufutau Fox',35),
  ('Shafira Welch',78),
  ('Ashton Lucas',48),
  ('Sydney Price',98),
  ('Moana Smith',65),
  ('John Benson',95),
  ('Clark Jacobson',90),
  ('Ashton Maddox',109),
  ('Buckminster Phelps',48),
  ('Rashad Morin',64),
  ('Oleg Gates',60),
  ('Ori Bowman',34),
  ('Kiayada Lynn',77),
  ('Bertha Reed',74),
  ('Melissa Maddox',74),
  ('David Taylor',84),
  ('Declan Ashley',78),
  ('Germaine Donovan',93);
INSERT INTO elfs (name,speed)
VALUES
  ('Colorado Sellers',69),
  ('Kenneth Weber',118),
  ('Derek Woodard',95),
  ('Iola Santos',72),
  ('Kenyon Pope',76),
  ('Amelia Mueller',93),
  ('Hashim Emerson',110),
  ('Cassidy Foreman',112),
  ('Thomas Nichols',59),
  ('Raya Cleveland',34),
  ('Walter Tyler',72),
  ('Steel Dominguez',55),
  ('Simon Walls',31),
  ('Stacy Walker',40),
  ('Marah Fox',51),
  ('Dexter Bowen',53),
  ('Acton Pacheco',57),
  ('Aristotle Mays',88),
  ('Jaquelyn Pickett',88),
  ('Baker Hicks',71),
  ('Delilah Briggs',59),
  ('Vernon Ware',102),
  ('Kadeem Keller',78),
  ('Jasmine Meadows',31),
  ('Daniel Hopkins',90),
  ('Bevis Sanders',58),
  ('Dahlia Garrett',98),
  ('Miriam Spence',106),
  ('Ali Lambert',110),
  ('Mason Flynn',67),
  ('Sydney Holt',52),
  ('Neville Charles',90),
  ('Erich Atkinson',76),
  ('Susan Herman',61),
  ('Zeus Pitts',41),
  ('Bell William',118),
  ('May Wilkinson',88),
  ('Carter Lynch',79),
  ('Cullen Hampton',80),
  ('Ramona Barnett',45),
  ('Lucy Tran',104),
  ('Sade Santana',41),
  ('Adrian Yang',54),
  ('Astra Burgess',50),
  ('Donovan Stark',47),
  ('Drake Blanchard',111),
  ('Kamal Valdez',49),
  ('Diana Lewis',111),
  ('Alexa Snider',101),
  ('Ivor Hall',42);

-- статусы детей
INSERT INTO children_status_history (child_id, status_id, date_begin)
SELECT
	d.id,
	1,
	d.created_at
FROM
	children AS d;

-- часть из них стали плохими
INSERT INTO children_status_history (child_id,status_id,date_begin)
VALUES
  (10,2,'10.09.2021'),
  (39,2,'02.07.2022'),
  (44,2,'29.11.2021'),
  (99,2,'27.11.2021'),
  (60,2,'18.03.2022'),
  (65,2,'02.01.2022'),
  (48,2,'21.02.2022'),
  (5,2,'25.03.2022'),
  (17,2,'23.09.2021'),
  (24,2,'24.07.2022');

-- заказы
INSERT INTO orders (child_id,gift_id,cost,logistic_shoulder,order_year)
VALUES
  (1,78,42,97,2022),
  (2,51,39,88,2022),
  (3,40,36,67,2022),
  (4,53,40,68,2022),
  (5,55,23,75,2022),
  (6,28,55,59,2022),
  (7,43,77,91,2022),
  (8,32,57,79,2022),
  (9,65,76,85,2022),
  (10,39,64,71,2022),
  (11,32,66,54,2022),
  (12,2,89,75,2022),
  (13,47,36,52,2022),
  (14,45,59,87,2022),
  (15,49,90,95,2022),
  (16,14,85,51,2022),
  (17,96,71,57,2022),
  (18,26,60,75,2022),
  (19,26,28,54,2022),
  (20,2,57,57,2022),
  (21,11,50,99,2022),
  (22,89,27,60,2022),
  (23,1,73,72,2022),
  (24,92,30,51,2022),
  (25,75,73,60,2022),
  (26,76,72,93,2022),
  (27,9,29,57,2022),
  (28,4,85,81,2022),
  (29,29,93,81,2022),
  (30,45,98,95,2022),
  (31,43,62,89,2022),
  (32,46,86,67,2022),
  (33,95,80,69,2022),
  (34,25,68,55,2022),
  (35,68,94,66,2022),
  (36,6,43,96,2022),
  (37,28,44,87,2022),
  (38,9,80,83,2022),
  (39,52,60,89,2022),
  (40,54,97,60,2022),
  (41,87,83,81,2022),
  (42,15,66,52,2022),
  (43,8,92,86,2022),
  (44,22,31,58,2022),
  (45,92,94,87,2022),
  (46,96,69,64,2022),
  (47,90,24,74,2022),
  (48,75,68,86,2022),
  (49,86,75,98,2022),
  (50,55,71,97,2022);
INSERT INTO orders (child_id,gift_id,cost,logistic_shoulder,order_year)
VALUES
  (51,54,40,91,2022),
  (52,86,27,91,2022),
  (53,83,78,82,2022),
  (54,70,89,87,2022),
  (55,82,72,98,2022),
  (56,94,82,71,2022),
  (57,15,58,74,2022),
  (58,75,32,81,2022),
  (59,72,95,61,2022),
  (60,37,92,88,2022),
  (61,89,97,92,2022),
  (62,10,74,59,2022),
  (63,64,26,78,2022),
  (64,83,99,52,2022),
  (65,14,26,80,2022),
  (66,84,74,70,2022),
  (67,29,88,78,2022),
  (68,27,94,87,2022),
  (69,10,54,66,2022),
  (70,94,36,64,2022),
  (71,23,80,93,2022),
  (72,87,41,99,2022),
  (73,28,39,82,2022),
  (74,95,28,61,2022),
  (75,9,32,62,2022),
  (76,52,58,74,2022),
  (77,85,21,60,2022),
  (78,35,56,57,2022),
  (79,1,46,67,2022),
  (80,8,80,65,2022),
  (81,6,41,90,2022),
  (82,23,54,94,2022),
  (83,71,83,88,2022),
  (84,31,93,89,2022),
  (85,62,52,79,2022),
  (86,85,26,79,2022),
  (87,13,25,75,2022),
  (88,76,28,76,2022),
  (89,63,41,83,2022),
  (90,74,96,59,2022),
  (91,64,40,58,2022),
  (92,94,48,89,2022),
  (93,33,46,81,2022),
  (94,86,25,71,2022),
  (95,34,87,79,2022),
  (96,100,61,100,2022),
  (97,76,70,66,2022),
  (98,93,69,96,2022),
  (99,85,50,96,2022),
  (100,85,51,81,2022);

-- добыча руды
INSERT INTO ore_incomes (dwarf_id,mine_id,ore_value,mined_at)
VALUES
  (18,1,93,'21.04.2022'),
  (9,3,66,'04.05.2022'),
  (5,2,23,'15.06.2022'),
  (21,2,23,'22.05.2022'),
  (69,2,66,'02.03.2022'),
  (33,1,52,'22.02.2022'),
  (80,2,31,'19.07.2022'),
  (46,2,82,'24.08.2022'),
  (60,2,63,'29.01.2022'),
  (3,3,77,'04.02.2022'),
  (66,1,75,'14.05.2022'),
  (35,3,55,'17.05.2022'),
  (44,1,45,'23.07.2022'),
  (88,2,83,'16.04.2022'),
  (55,1,27,'05.05.2022'),
  (2,2,34,'05.01.2022'),
  (48,2,73,'25.01.2022'),
  (65,2,54,'30.06.2022'),
  (18,3,79,'08.03.2022'),
  (69,2,78,'28.02.2022'),
  (16,3,48,'20.04.2022'),
  (4,3,90,'03.06.2022'),
  (6,3,56,'10.05.2022'),
  (51,2,48,'26.06.2022'),
  (18,1,89,'24.08.2022'),
  (52,2,60,'26.08.2022'),
  (49,3,48,'19.08.2022'),
  (13,2,28,'10.03.2022'),
  (15,2,37,'15.06.2022'),
  (77,2,56,'11.04.2022'),
  (6,1,33,'21.04.2022'),
  (90,3,51,'12.06.2022'),
  (61,2,74,'14.06.2022'),
  (73,2,38,'16.05.2022'),
  (82,3,51,'23.03.2022'),
  (4,1,64,'17.06.2022'),
  (15,1,53,'19.05.2022'),
  (90,2,57,'02.03.2022'),
  (51,2,81,'13.03.2022'),
  (90,2,93,'10.02.2022'),
  (45,1,44,'10.06.2022'),
  (57,2,42,'01.07.2022'),
  (96,2,58,'07.05.2022'),
  (72,1,89,'08.01.2022'),
  (30,1,80,'08.08.2022'),
  (33,3,52,'05.06.2022'),
  (11,2,33,'24.08.2022'),
  (45,2,60,'22.01.2022'),
  (39,3,95,'13.05.2022'),
  (76,1,28,'20.02.2022');
INSERT INTO ore_incomes (dwarf_id,mine_id,ore_value,mined_at)
VALUES
  (92,3,100,'24.02.2022'),
  (98,2,39,'12.04.2022'),
  (16,2,20,'19.08.2022'),
  (88,2,56,'09.02.2022'),
  (37,3,68,'11.01.2022'),
  (87,2,74,'12.01.2022'),
  (90,1,36,'13.02.2022'),
  (91,1,29,'03.08.2022'),
  (7,2,92,'15.07.2022'),
  (41,2,36,'07.02.2022'),
  (88,3,50,'17.06.2022'),
  (81,2,42,'31.03.2022'),
  (65,3,36,'25.05.2022'),
  (3,2,55,'06.08.2022'),
  (44,2,39,'14.03.2022'),
  (9,3,90,'20.04.2022'),
  (89,3,25,'21.04.2022'),
  (33,3,39,'06.05.2022'),
  (36,1,91,'13.06.2022'),
  (68,2,88,'29.03.2022'),
  (93,1,31,'25.07.2022'),
  (5,1,31,'20.01.2022'),
  (70,2,77,'09.02.2022'),
  (14,3,24,'24.02.2022'),
  (10,2,35,'18.05.2022'),
  (33,1,21,'08.03.2022'),
  (96,3,94,'02.06.2022'),
  (100,3,81,'04.06.2022'),
  (4,2,38,'06.05.2022'),
  (6,2,27,'11.07.2022'),
  (98,1,94,'26.08.2022'),
  (31,3,26,'25.07.2022'),
  (37,2,46,'04.07.2022'),
  (91,2,74,'28.06.2022'),
  (50,1,42,'08.08.2022'),
  (30,2,94,'15.04.2022'),
  (16,3,28,'09.01.2022'),
  (19,3,53,'05.07.2022'),
  (60,3,30,'11.01.2022'),
  (63,1,43,'31.03.2022'),
  (56,3,54,'21.03.2022'),
  (62,1,66,'24.04.2022'),
  (74,1,36,'07.06.2022'),
  (73,2,76,'21.07.2022'),
  (11,1,78,'11.05.2022'),
  (31,1,86,'03.01.2022'),
  (59,2,29,'22.06.2022'),
  (8,1,97,'22.04.2022'),
  (57,2,56,'13.08.2022'),
  (92,1,24,'10.03.2022');

-- доставка
INSERT INTO deliveries (order_id,elf_id,delivered_at)
VALUES
  (1,1,'14.01.2023'),
  (2,2,'08.01.2023'),
  (3,3,'05.01.2023'),
  (4,4,'17.01.2023'),
  (5,5,'07.01.2023'),
  (6,6,'05.01.2023'),
  (7,7,'06.01.2023'),
  (8,8,'02.01.2023'),
  (9,9,'17.01.2023'),
  (10,10,'06.01.2023'),
  (11,11,'02.01.2023'),
  (12,12,'10.01.2023'),
  (13,13,'15.01.2023'),
  (14,14,'08.01.2023'),
  (15,15,'12.01.2023'),
  (16,16,'02.01.2023'),
  (17,17,'06.01.2023'),
  (18,18,'10.01.2023'),
  (19,19,'10.01.2023'),
  (20,20,'09.01.2023'),
  (21,21,'15.01.2023'),
  (22,22,'15.01.2023'),
  (23,23,'08.01.2023'),
  (24,24,'08.01.2023'),
  (25,25,'11.01.2023'),
  (26,26,'07.01.2023'),
  (27,27,'04.01.2023'),
  (28,28,'06.01.2023'),
  (29,29,'06.01.2023'),
  (30,30,'09.01.2023'),
  (31,31,'11.01.2023'),
  (32,32,'14.01.2023'),
  (33,33,'10.01.2023'),
  (34,34,'10.01.2023'),
  (35,35,'14.01.2023'),
  (36,36,'08.01.2023'),
  (37,37,'01.01.2023'),
  (38,38,'07.01.2023'),
  (39,39,'07.01.2023'),
  (40,40,'09.01.2023'),
  (41,41,'12.01.2023'),
  (42,42,'02.01.2023'),
  (43,43,'04.01.2023'),
  (44,44,'14.01.2023'),
  (45,45,'07.01.2023'),
  (46,46,'12.01.2023'),
  (47,47,'10.01.2023'),
  (48,48,'18.01.2023'),
  (49,49,'03.01.2023'),
  (50,50,'03.01.2023');
INSERT INTO deliveries (order_id,elf_id,delivered_at)
VALUES
  (51,51,'03.01.2023'),
  (52,52,'08.01.2023'),
  (53,53,'16.01.2023'),
  (54,54,'18.01.2023'),
  (55,55,'01.01.2023'),
  (56,56,'13.01.2023'),
  (57,57,'02.01.2023'),
  (58,58,'17.01.2023'),
  (59,59,'05.01.2023'),
  (60,60,'06.01.2023'),
  (61,61,'10.01.2023'),
  (62,62,'02.01.2023'),
  (63,63,'16.01.2023'),
  (64,64,'13.01.2023'),
  (65,65,'18.01.2023'),
  (66,66,'17.01.2023'),
  (67,67,'11.01.2023'),
  (68,68,'03.01.2023'),
  (69,69,'11.01.2023'),
  (70,70,'17.01.2023'),
  (71,71,'07.01.2023'),
  (72,72,'12.01.2023'),
  (73,73,'03.01.2023'),
  (74,74,'12.01.2023'),
  (75,75,'08.01.2023'),
  (76,76,'09.01.2023'),
  (77,77,'03.01.2023'),
  (78,78,'18.01.2023'),
  (79,79,'06.01.2023'),
  (80,80,'17.01.2023'),
  (81,81,'06.01.2023'),
  (82,82,'09.01.2023'),
  (83,83,'13.01.2023'),
  (84,84,'15.01.2023'),
  (85,85,'05.01.2023'),
  (86,86,'02.01.2023'),
  (87,87,'15.01.2023'),
  (88,88,'17.01.2023'),
  (89,89,'08.01.2023'),
  (90,90,'11.01.2023'),
  (91,91,'17.01.2023'),
  (92,92,'11.01.2023'),
  (93,93,'14.01.2023'),
  (94,94,'02.01.2023'),
  (95,95,'08.01.2023'),
  (96,96,'03.01.2023'),
  (97,97,'03.01.2023'),
  (98,98,'04.01.2023'),
  (99,99,'04.01.2023'),
  (100,100,'11.01.2023');
